mouse,day,initial_slopes
901,0,-15.162568
901,14,44.267631
901,28,35.229273
901,42,60.6755719
902,0,-9.09570607
902,14,25.6146629
902,28,32.021716
902,42,41.4272887
903,0,3.65716359
903,14,-0.62933244
903,28,-4.8333652
903,42,-5.67616169
903,56,25.1565468
904,0,3.2525
904,14,41.7844
904,28,28.23530036
904,42,84.73459248
905,0,2.32201293
905,14,5.10839216
905,28,45.6185479
905,42,53.3199542
905,56,49.0042499
