tampon,initial_slopes,est_conc
TP10,-0.2067,
TP24_1,10.5103,272.8433
TP24_2,14.7108,1384.1035
TP34,11.4324,389.7015
TP42,2.42597,11.9832
TP48,12.8604,676.8466
TP50,5.31973,36.6798
